n_keeper,run,AUROC
0,0,0.5
1,0,0.8834126289504358
2,0,0.9057204839867099
3,0,0.9042935776772121
4,0,0.9147008681729377
5,0,0.9297456041745306
6,0,0.9271365225795478
7,0,0.9273107378847772
8,0,0.9305544609488097
9,0,0.9302267702556402
10,0,0.9359841712951249
11,0,0.9358016600229798
12,0,0.9396385447214837
13,0,0.9336944844263961
14,0,0.9371539026302363
15,0,0.9377014364466714
16,0,0.938290450097685
17,0,0.9392776701606513
18,0,0.9407211684039803
19,0,0.9407626482385587
