channels,operating_point,rmse
"T3, F7, T4 F8",0.38383838383838387,0.4373352671833477
"T3, P3, Pz, T4, P4",0.36363636363636365,0.41895120355120613
"F3, C3, O1, F4, C4, O2",0.4646464646464647,0.3832483975934864
"Fp1, Fp2, F7, F8, O1, O2",0.4747474747474748,0.4088989308434758
"Fp1, Fp2, F7, F8, T3, T5, T4, T6, O1, O2",0.4444444444444445,0.39544914684349874
all 10-20 channels,0.43434343434343436,0.37979482014523835
